dataset,run,method,size,eps,m,W1,clust_cost,parity_viol,auc,dd,secs,rw,budget_feasible
adult,3,Uniform,0.005,,165,14.069577072602724,2326946.0540566673,0.49495102030096905,0.8359740131456375,0.11554822696214023,0.0005924701690673828,False,
adult,3,Uniform,0.005,,165,14.069577072602724,2326946.0540566673,0.49495102030096905,0.8256642915461914,0.06435889495016944,0.0005924701690673828,True,
adult,3,K-Means,0.005,,165,14.340257628827946,774648.1268380008,1.0,0.8370884326372995,0.16421833904127697,3.59285044670105,False,
adult,3,K-Means,0.005,,165,14.340257628827946,774648.1268380008,1.0,0.8344680070911858,0.14263170695966268,3.59285044670105,True,
adult,3,K-Medoids,0.005,,165,10.159022386100002,994645.8687884647,0.927129701523489,0.8393572901798276,0.21654668151185222,10.150439262390137,False,
adult,3,K-Medoids,0.005,,165,10.159022386100002,994645.8687884647,0.927129701523489,0.8375707499830776,0.17903623121628298,10.150439262390137,True,
adult,3,UniPROT,0.005,,165,10.893699657105174,2311937.3957940866,1.0,0.8159763459079314,0.12893678156578436,40.72367453575134,False,
adult,3,UniPROT,0.005,,165,10.893699657105174,2311937.3957940866,1.0,0.8111650787983437,0.08316906440584765,40.72367453575134,True,
adult,3,Stratified,0.005,0.01,165,14.144686288614905,2460389.0794956223,0.0108910891089109,0.8371256950973847,0.0985996377331583,0.005013704299926758,False,False
adult,3,Stratified,0.005,0.01,165,14.144686288614905,2460389.0794956223,0.0108910891089109,0.8371256950973847,0.0985996377331583,0.005013704299926758,True,False
adult,3,FC-POT,0.005,0.01,165,11.217775782001313,2485237.062475074,0.0108910891089109,0.847222131373029,0.08293556998110108,36.37468886375427,False,False
adult,3,FWC,0.005,0.01,165,10.690758644827794,2128081.4779050373,0.010000000000005782,0.8108798776615375,0.13198057838816937,7.121347665786743,False,
adult,3,Stratified,0.005,0.05,165,14.974381647262344,2351002.9028669954,0.0108910891089109,0.8419920474413589,0.11352240298635986,0.0003459453582763672,False,True
adult,3,Stratified,0.005,0.05,165,14.974381647262344,2351002.9028669954,0.0108910891089109,0.8419920474413589,0.11352240298635986,0.0003459453582763672,True,True
adult,3,FC-POT,0.005,0.05,165,11.217775782001313,2485237.062475074,0.0108910891089109,0.847222131373029,0.08293556998110108,36.37468886375427,False,True
adult,3,FWC,0.005,0.05,165,10.780458978051403,2255566.810016026,0.05000000000000726,0.8287845999764666,0.12939461554846865,6.392264127731323,False,
adult,3,Stratified,0.005,0.1,165,14.529295512109398,2358161.6419464885,0.0108910891089109,0.8281882903711377,0.11877309677721494,0.0045070648193359375,False,True
adult,3,Stratified,0.005,0.1,165,14.529295512109398,2358161.6419464885,0.0108910891089109,0.8281882903711377,0.11877309677721494,0.0045070648193359375,True,True
adult,3,FC-POT,0.005,0.1,165,11.217775782001313,2485237.062475074,0.0108910891089109,0.847222131373029,0.08293556998110108,36.37468886375427,False,True
adult,3,FWC,0.005,0.1,165,10.924927499635867,2108877.1694898927,0.09999999999999787,0.8429257403268088,0.1797715815410088,6.257907867431641,False,
adult,3,Uniform,0.01,,330,13.021817717654166,1838760.0470227273,0.6652246763137852,0.8555741406464574,0.21149319503340921,0.00016641616821289062,False,
adult,3,Uniform,0.01,,330,13.021817717654166,1838760.0470227273,0.6652246763137852,0.8526711965666794,0.13594762691047416,0.00016641616821289062,True,
adult,3,K-Means,0.01,,330,11.456377151076376,604196.9381001743,0.8307242626246288,0.8620097790806491,0.13479335834052175,4.355478286743164,False,
adult,3,K-Means,0.01,,330,11.456377151076376,604196.9381001743,0.8307242626246288,0.8580455163522301,0.10212232775329597,4.355478286743164,True,
adult,3,K-Medoids,0.01,,330,8.273111907931025,767207.1470162559,0.7839013679506608,0.8580916350774835,0.13745129112325383,12.63029408454895,False,
adult,3,K-Medoids,0.01,,330,8.273111907931025,767207.1470162559,0.7839013679506608,0.8544901117410778,0.10487673409946174,12.63029408454895,True,
adult,3,UniPROT,0.01,,330,9.816091068153437,1800616.7655292249,0.6667059830557596,0.8620744187919804,0.15573603769508854,62.51125717163086,False,
adult,3,UniPROT,0.01,,330,9.816091068153437,1800616.7655292249,0.6667059830557596,0.8571762426901821,0.09738445757414159,62.51125717163086,True,
adult,3,Stratified,0.01,0.01,330,12.715015738028873,1886420.960013016,0.0035685608240598743,0.8457954642252088,0.11750549518614141,0.0012218952178955078,False,True
adult,3,Stratified,0.01,0.01,330,12.715015738028873,1886420.960013016,0.0035685608240598743,0.8457679032340214,0.11738279579963835,0.0012218952178955078,True,True
adult,3,FC-POT,0.01,0.01,330,9.680350135601811,2202214.148804639,0.0035685608240598743,0.8609859433800227,0.13597469872783607,43.35859036445618,False,True
adult,3,FWC,0.01,0.01,330,9.14725776295717,1720808.754405696,0.010000000000005671,0.8226630098498573,0.10557486067531495,9.04043960571289,False,
adult,3,Stratified,0.01,0.05,330,12.60926416814345,1967757.6717261637,0.0035685608240598743,0.8417791295974398,0.054096168401206735,0.010957002639770508,False,True
adult,3,Stratified,0.01,0.05,330,12.60926416814345,1967757.6717261637,0.0035685608240598743,0.8416694368525143,0.05335912608789578,0.010957002639770508,True,True
adult,3,FC-POT,0.01,0.05,330,9.680350135601811,2202214.148804639,0.0035685608240598743,0.8609859433800227,0.13597469872783607,43.35859036445618,False,True
adult,3,FWC,0.01,0.05,325,9.170653812383332,1668850.0715500228,0.05000000000000415,0.847309959064946,0.09610585805726474,10.503911018371582,False,
adult,3,Stratified,0.01,0.1,330,11.828449377287185,2005714.7784488788,0.0035685608240598743,0.8498547939992299,0.11938490172114517,0.00789332389831543,False,True
adult,3,Stratified,0.01,0.1,330,11.828449377287185,2005714.7784488788,0.0035685608240598743,0.8497748671247867,0.11889325818084033,0.00789332389831543,True,True
adult,3,FC-POT,0.01,0.1,330,9.680350135601811,2202214.148804639,0.0035685608240598743,0.8609859433800227,0.13597469872783607,43.35859036445618,False,True
adult,3,FWC,0.01,0.1,328,9.37714547738276,1856008.1319670489,0.09999999999999876,0.8245096330073958,0.07661019151195797,9.460912466049194,False,
adult,3,Uniform,0.02,,659,10.355593538566662,1478158.3788131338,0.6070712163307339,0.8699216944467983,0.16125581809914147,0.004503726959228516,False,
adult,3,Uniform,0.02,,659,10.355593538566662,1478158.3788131338,0.6070712163307339,0.8649823605981602,0.09291482801389243,0.004503726959228516,True,
adult,3,K-Means,0.02,,659,9.374722189367771,448419.7028730039,0.7837088185124486,0.8692108413620951,0.1665631935075981,10.119850158691406,False,
adult,3,K-Means,0.02,,659,9.374722189367771,448419.7028730039,0.7837088185124486,0.8666093410299299,0.11853951171022278,10.119850158691406,True,
adult,3,K-Medoids,0.02,,659,6.818919236507781,568654.8658380673,0.762067198747588,0.8685350458581821,0.19634784263901878,15.55496621131897,False,
adult,3,K-Medoids,0.02,,659,6.818919236507781,568654.8658380673,0.762067198747588,0.8679278588483312,0.1541891975593065,15.55496621131897,True,
adult,3,UniPROT,0.02,,659,8.649052541151297,1472259.0138372388,0.6195734958111196,0.8649579599339624,0.1644553080854394,185.4571716785431,False,
adult,3,UniPROT,0.02,,659,8.649052541151297,1472259.0138372388,0.6195734958111196,0.8564269144617813,0.10464064126367377,185.4571716785431,True,
adult,3,Stratified,0.02,0.01,659,10.28020972795275,1402727.1592369764,0.0036448699815035956,0.8708106282825601,0.08503245747745652,0.006086111068725586,False,True
adult,3,Stratified,0.02,0.01,659,10.28020972795275,1402727.1592369764,0.0036448699815035956,0.8708303252042617,0.08540140163125828,0.006086111068725586,True,True
adult,3,FC-POT,0.02,0.01,659,8.312983691416523,1523004.0271002436,0.0036448699815035956,0.8690423885839581,0.13779065569089785,79.02611541748047,False,True
adult,3,FWC,0.02,0.01,648,7.850317334981373,1310979.0384644321,0.010000000000004006,0.8597877384751509,0.10631531717987802,18.685608863830566,False,
adult,3,Stratified,0.02,0.05,659,10.109734408980543,1429810.9883624208,0.0036448699815035956,0.8665014121884405,0.11076464287710573,0.002509593963623047,False,True
adult,3,Stratified,0.02,0.05,659,10.109734408980543,1429810.9883624208,0.0036448699815035956,0.8665358818014187,0.11088734226360879,0.002509593963623047,True,True
adult,3,FC-POT,0.02,0.05,659,8.312983691416523,1523004.0271002436,0.0036448699815035956,0.8690423885839581,0.13779065569089785,79.02611541748047,False,True
adult,3,FWC,0.02,0.05,651,7.875132452083841,1358371.2494670195,0.050000000000001155,0.8611670374661174,0.14197681673497567,19.646154165267944,False,
adult,3,Stratified,0.02,0.1,659,10.738980031192622,1426219.0723250639,0.0036448699815035956,0.8590165451937415,0.09697490569429694,0.0022041797637939453,False,True
adult,3,Stratified,0.02,0.1,659,10.738980031192622,1426219.0723250639,0.0036448699815035956,0.8590164716977652,0.09697490569429694,0.0022041797637939453,True,True
adult,3,FC-POT,0.02,0.1,659,8.312983691416523,1523004.0271002436,0.0036448699815035956,0.8690423885839581,0.13779065569089785,79.02611541748047,False,True
adult,3,FWC,0.02,0.1,649,7.604728854949497,1092027.3773589758,0.09999999999999842,0.8600543818778912,0.12640499257488938,18.563024044036865,False,
